[
  {
    "id": 7,
    "title": "芙蓉镇",
    "director": "谢晋",
    "year": 1987,
    "imageUrl": "movie_poster_26.jpg"
  },
  {
    "id": 8,
    "title": "变脸",
    "director": "吴天明",
    "year": 1998,
    "imageUrl": "movie_poster_27.jpg"
  },
  {
    "id": 9,
    "title": "小武",
    "director": "贾樟柯",
    "year": 1998,
    "imageUrl": "movie_poster_28.jpg"
  },
  {
    "id": 10,
    "title": "我们",
    "director": "闻海",
    "year": 1985,
    "imageUrl": "movie_poster_29.jpg"
  },
  {
    "id": 11,
    "title": "少年小赵",
    "director": "杜海滨",
    "year": 2015,
    "imageUrl": "movie_poster_30.jpeg"
  },
  {
    "id": 12,
    "title": "梦游",
    "director": "闻海",
    "year": 2005,
    "imageUrl": "movie_poster_31.jpeg"
  }
]